{"cameraMode":{"drawMode":0,"name":"Shaded","section":"Shading Mode"},"sceneLighting":true,"audioPlay":false,"sceneViewState":{"showFog":true,"showMaterialUpdate":false,"showSkybox":true,"showFlares":true,"showImageEffects":true,"showParticleSystems":true},"in2DMode":false,"pivot":{"x":809.7161865234375,"y":411.6152038574219,"z":-44.04618453979492},"rotation":{"x":-0.05425773188471794,"y":0.030547481030225755,"z":-0.0016611929750069976,"w":-0.9980603456497192},"size":1285.8907470703125,"orthographic":false}