{"cameraMode":{"drawMode":0,"name":"Shaded","section":"Shading Mode"},"sceneLighting":true,"audioPlay":false,"sceneViewState":{"showFog":true,"showMaterialUpdate":false,"showSkybox":true,"showFlares":true,"showImageEffects":true,"showParticleSystems":true},"in2DMode":false,"pivot":{"x":39.35020446777344,"y":-3.3474044799804689,"z":-5.306093215942383},"rotation":{"x":-0.18435944616794587,"y":0.500438392162323,"z":-0.10991530120372772,"w":-0.8388042449951172},"size":34.51780700683594,"orthographic":false}