{"cameraMode":{"drawMode":0,"name":"Shaded","section":"Shading Mode"},"sceneLighting":true,"audioPlay":false,"sceneViewState":{"showFog":true,"showMaterialUpdate":false,"showSkybox":true,"showFlares":true,"showImageEffects":true,"showParticleSystems":true},"in2DMode":false,"pivot":{"x":-20.697607040405275,"y":4.565679550170898,"z":16.337993621826173},"rotation":{"x":0.345219224691391,"y":-0.2939339876174927,"z":0.11475362628698349,"w":0.883960485458374},"size":44.41776657104492,"orthographic":false}
﻿{"cameraMode":{"drawMode":0,"name":"Shaded","section":"Shading Mode"},"sceneLighting":true,"audioPlay":false,"sceneViewState":{"showFog":true,"showMaterialUpdate":false,"showSkybox":true,"showFlares":true,"showImageEffects":true,"showParticleSystems":true},"in2DMode":false,"pivot":{"x":54.24483871459961,"y":29.08614158630371,"z":26.18256378173828},"rotation":{"x":-0.3548102378845215,"y":0.6250197291374207,"z":-0.3813071548938751,"w":-0.5815362930297852},"size":96.16942596435547,"orthographic":false}
