{"cameraMode":{"drawMode":0,"name":"Shaded","section":"Shading Mode"},"sceneLighting":true,"audioPlay":false,"sceneViewState":{"showFog":true,"showMaterialUpdate":false,"showSkybox":true,"showFlares":true,"showImageEffects":true,"showParticleSystems":true},"in2DMode":false,"pivot":{"x":49.98773956298828,"y":2.1266369819641115,"z":-4.528923988342285},"rotation":{"x":-0.16748838126659394,"y":0.021609202027320863,"z":-0.003615328809246421,"w":-0.98569256067276},"size":3.2906758785247804,"orthographic":false}