{"cameraMode":{"drawMode":0,"name":"Shaded","section":"Shading Mode"},"sceneLighting":true,"audioPlay":false,"sceneViewState":{"showFog":false,"showMaterialUpdate":false,"showSkybox":true,"showFlares":true,"showImageEffects":true,"showParticleSystems":true},"in2DMode":false,"pivot":{"x":461.4495849609375,"y":273.2923583984375,"z":40.380123138427737},"rotation":{"x":-0.020950889214873315,"y":-0.1828279346227646,"z":0.0038828705437481405,"w":-0.9829264879226685},"size":832.244873046875,"orthographic":false}