{"cameraMode":{"drawMode":0,"name":"Shaded","section":"Shading Mode"},"sceneLighting":true,"audioPlay":false,"sceneViewState":{"showFog":false,"showMaterialUpdate":false,"showSkybox":true,"showFlares":true,"showImageEffects":true,"showParticleSystems":true},"in2DMode":false,"pivot":{"x":-173.76162719726563,"y":20.081710815429689,"z":14.049931526184082},"rotation":{"x":0.07588029652833939,"y":-0.8333129286766052,"z":0.11830294877290726,"w":0.5348142981529236},"size":300.42193603515627,"orthographic":false}