{"cameraMode":{"drawMode":0,"name":"Shaded","section":"Shading Mode"},"sceneLighting":true,"audioPlay":false,"sceneViewState":{"showFog":false,"showMaterialUpdate":false,"showSkybox":true,"showFlares":true,"showImageEffects":true,"showParticleSystems":true},"in2DMode":false,"pivot":{"x":0.13321994245052339,"y":0.3882695734500885,"z":0.007575354538857937},"rotation":{"x":-0.19808286428451539,"y":-0.0625922828912735,"z":0.012665598653256894,"w":-0.9781302809715271},"size":7.707308769226074,"orthographic":false}