{"cameraMode":{"drawMode":0,"name":"Shaded","section":"Shading Mode"},"sceneLighting":true,"audioPlay":false,"sceneViewState":{"showFog":false,"showMaterialUpdate":false,"showSkybox":true,"showFlares":true,"showImageEffects":true,"showParticleSystems":true},"in2DMode":false,"pivot":{"x":-116.96623992919922,"y":-12.440443992614746,"z":14.5581636428833},"rotation":{"x":0.023467518389225007,"y":-0.5666981935501099,"z":0.016169901937246324,"w":0.8235333561897278},"size":174.8688507080078,"orthographic":false}