{"cameraMode":{"drawMode":0,"name":"Shaded","section":"Shading Mode"},"sceneLighting":true,"audioPlay":false,"sceneViewState":{"showFog":false,"showMaterialUpdate":false,"showSkybox":true,"showFlares":true,"showImageEffects":true,"showParticleSystems":true},"in2DMode":false,"pivot":{"x":-18.550615310668947,"y":-17.381120681762697,"z":85.87004089355469},"rotation":{"x":-0.1992507427930832,"y":0.06406296789646149,"z":-0.013213787227869034,"w":-0.977957010269165},"size":286.01763916015627,"orthographic":false}