{"cameraMode":{"drawMode":0,"name":"Shaded","section":"Shading Mode"},"sceneLighting":true,"audioPlay":false,"sceneViewState":{"showFog":false,"showMaterialUpdate":false,"showSkybox":true,"showFlares":true,"showImageEffects":true,"showParticleSystems":true},"in2DMode":false,"pivot":{"x":211.0618133544922,"y":29.4462947845459,"z":49.9536247253418},"rotation":{"x":0.25516971945762637,"y":-0.004046975634992123,"z":0.0012307510478422046,"w":0.9669874906539917},"size":511.1763610839844,"orthographic":false}