{"cameraMode":{"drawMode":0,"name":"Shaded","section":"Shading Mode"},"sceneLighting":true,"audioPlay":false,"sceneViewState":{"showFog":false,"showMaterialUpdate":false,"showSkybox":true,"showFlares":true,"showImageEffects":true,"showParticleSystems":true},"in2DMode":false,"pivot":{"x":554.9445190429688,"y":637.171875,"z":-1376.754150390625},"rotation":{"x":-0.1175466850399971,"y":0.6125189661979675,"z":-0.09277203679084778,"w":-0.7761646509170532},"size":3.518439292907715,"orthographic":false}