{"cameraMode":{"drawMode":0,"name":"Shaded","section":"Shading Mode"},"sceneLighting":true,"audioPlay":false,"sceneViewState":{"showFog":false,"showMaterialUpdate":false,"showSkybox":true,"showFlares":true,"showImageEffects":true,"showParticleSystems":true},"in2DMode":false,"pivot":{"x":-173.76162719726563,"y":20.081710815429689,"z":14.049931526184082},"rotation":{"x":0.33570393919944765,"y":-0.2724532186985016,"z":0.10215535759925842,"w":0.8960030674934387},"size":34.840938568115237,"orthographic":false}