{"cameraMode":{"drawMode":0,"name":"Shaded","section":"Shading Mode"},"sceneLighting":true,"audioPlay":false,"sceneViewState":{"showFog":false,"showMaterialUpdate":false,"showSkybox":true,"showFlares":true,"showImageEffects":true,"showParticleSystems":true},"in2DMode":false,"pivot":{"x":34.88094711303711,"y":2.5691165924072267,"z":-0.4785041809082031},"rotation":{"x":-0.04214837774634361,"y":0.7088943719863892,"z":-0.04266347363591194,"w":-0.7029303312301636},"size":32.01287841796875,"orthographic":false}