{"cameraMode":{"drawMode":0,"name":"Shaded","section":"Shading Mode"},"sceneLighting":true,"audioPlay":false,"sceneViewState":{"showFog":false,"showMaterialUpdate":false,"showSkybox":true,"showFlares":true,"showImageEffects":true,"showParticleSystems":true},"in2DMode":false,"pivot":{"x":69.4626235961914,"y":476.3153076171875,"z":166.0875244140625},"rotation":{"x":-0.07673224061727524,"y":-0.00688235042616725,"z":0.000529780809301883,"w":-0.9970275163650513},"size":329.12176513671877,"orthographic":false}