{"cameraMode":{"drawMode":0,"name":"Shaded","section":"Shading Mode"},"sceneLighting":true,"audioPlay":false,"sceneViewState":{"showFog":false,"showMaterialUpdate":false,"showSkybox":true,"showFlares":true,"showImageEffects":true,"showParticleSystems":true},"in2DMode":false,"pivot":{"x":-279.0249938964844,"y":-11.460527420043946,"z":19.767919540405275},"rotation":{"x":0.30327171087265017,"y":0.5178874135017395,"z":-0.20294149219989777,"w":0.7738298177719116},"size":137.84573364257813,"orthographic":false}
