{"cameraMode":{"drawMode":0,"name":"Shaded","section":"Shading Mode"},"sceneLighting":true,"audioPlay":false,"sceneViewState":{"showFog":false,"showMaterialUpdate":false,"showSkybox":true,"showFlares":true,"showImageEffects":true,"showParticleSystems":true},"in2DMode":false,"pivot":{"x":550.91357421875,"y":240.54055786132813,"z":86.31827545166016},"rotation":{"x":-0.0329703651368618,"y":-0.14135447144508363,"z":0.004706962034106255,"w":-0.9894552826881409},"size":816.568359375,"orthographic":false}