{"cameraMode":{"drawMode":0,"name":"Shaded","section":"Shading Mode"},"sceneLighting":true,"audioPlay":false,"sceneViewState":{"showFog":false,"showMaterialUpdate":false,"showSkybox":true,"showFlares":true,"showImageEffects":true,"showParticleSystems":true},"in2DMode":false,"pivot":{"x":-115.67957305908203,"y":1.8004368543624879,"z":7.9876484870910648},"rotation":{"x":-0.13026556372642518,"y":0.4690621793270111,"z":-0.07017393410205841,"w":-0.8707573413848877},"size":215.4556884765625,"orthographic":false}