{"cameraMode":{"drawMode":0,"name":"Shaded","section":"Shading Mode"},"sceneLighting":true,"audioPlay":false,"sceneViewState":{"showFog":false,"showMaterialUpdate":false,"showSkybox":true,"showFlares":true,"showImageEffects":true,"showParticleSystems":true},"in2DMode":false,"pivot":{"x":28.790857315063478,"y":14.42238712310791,"z":-5.889272212982178},"rotation":{"x":-0.017861168831586839,"y":0.688802182674408,"z":-0.018232757225632669,"w":-0.724816083908081},"size":45.56768798828125,"orthographic":false}