{"cameraMode":{"drawMode":0,"name":"Shaded","section":"Shading Mode"},"sceneLighting":false,"audioPlay":false,"sceneViewState":{"showFog":false,"showMaterialUpdate":false,"showSkybox":false,"showFlares":true,"showImageEffects":true,"showParticleSystems":true},"in2DMode":false,"pivot":{"x":101.8590087890625,"y":484.73077392578127,"z":0.0},"rotation":{"x":-0.18582484126091004,"y":-0.15492218732833863,"z":0.029686568304896356,"w":-0.9698442220687866},"size":441.86358642578127,"orthographic":false}