{"cameraMode":{"drawMode":0,"name":"Shaded","section":"Shading Mode"},"sceneLighting":true,"audioPlay":false,"sceneViewState":{"showFog":false,"showMaterialUpdate":false,"showSkybox":true,"showFlares":true,"showImageEffects":true,"showParticleSystems":true},"in2DMode":false,"pivot":{"x":162.10496520996095,"y":305.4010314941406,"z":-706.206298828125},"rotation":{"x":-0.08237241953611374,"y":0.274954229593277,"z":-0.023663241416215898,"w":-0.9576353430747986},"size":63.98114013671875,"orthographic":false}