{"cameraMode":{"drawMode":0,"name":"Shaded","section":"Shading Mode"},"sceneLighting":true,"audioPlay":false,"sceneViewState":{"showFog":false,"showMaterialUpdate":false,"showSkybox":false,"showFlares":false,"showImageEffects":false,"showParticleSystems":false},"in2DMode":false,"pivot":{"x":241.24179077148438,"y":65.65040588378906,"z":-4966.939453125},"rotation":{"x":-0.2695715129375458,"y":0.5333955883979797,"z":-0.183932825922966,"w":-0.7804637551307678},"size":2802.75927734375,"orthographic":false}